RiskCategory, Payoff, Probability, Utility
SELECTEE, -6.0, 0.65, -3.9000000000000004
UNKNOWN, -5.214285714285714, 0.35, -1.825
,, Defender Utility:,-5.7250000000000005